{"Lonesome_Dove": 0.3, "Harry_Potter_and_the_Prisoner_of_Azkaban": 0.4330127018922193, "All_Quiet_on_the_Western_Front": 0.44694763437295587, "Harry_Potter_and_the_Chamber_of_Secrets": 0.518389530288721, "Charlotte_s_Web": 0.5517241379310345, "Slaughterhouse_Five": 0.6182412330330469, "Anne_of_Green_Gables": 0.6206896551724138, "Waiting_for_Godot": 0.6206896551724138, "Their_Eyes_Were_Watching_God": 0.622602416733372, "Animal_Farm": 0.6578891044254798, "/book/show/36576608-flowers-for-algernon": 0.6674994798166929, "Charlie_and_the_Chocolate_Factory": 0.6776309271789385, "Night": 0.6904105059069326, "Green_Eggs_and_Ham": 0.7180219742846006, "The_Stand": 0.7180219742846006, "The_Complete_Sherlock_Holmes": 0.7284313590846836, "In_Cold_Blood": 0.7371114795831993, "Of_Mice_and_Men": 0.7916228058025278, "The_Things_They_Carried": 0.8, "Invisible_Man": 0.8439325934114775, "Winnie_the_Pooh": 0.8459051693633014, "The_Joy_Luck_Club": 0.850264000409514, "/book/show/17899948-rebecca": 0.8558395617924729, "One_Flew_Over_the_Cuckoo_s_Nest": 0.8692269873603532, "A_Clockwork_Orange": 0.8825468196582484, "The_Return_of_the_King": 0.8850612031567836, "The_Two_Towers": 0.8850612031567836, "The_Good_Earth": 0.9092121131323904, "The_Outsiders": 0.9136304344477083, "Franny_and_Zooey": 0.9213516640723503, "/book/show/52892857-the-color-purple": 0.9285592184789413, "The_Little_Prince": 0.9551032521262935, "A_Tree_Grows_in_Brooklyn": 0.9551032521262935, "The_Secret_Garden": 0.9618155642056105, "The_Ultimate_Hitchhiker_s_Guide_to_the_Galaxy": 0.9700593224969478, "The_Chronicles_of_Narnia": 0.9801841657621997, "The_Lorax": 0.989388138643722, "The_Master_and_Margarita": 0.9910712498212337, "Little_House_on_the_Prairie": 1.011599393699568, "East_of_Eden": 1.015983376941878, "A_Prayer_for_Owen_Meany": 1.0456258094238748, "Watership_Down": 1.0482790129010924, "/book/show/18114322-the-grapes-of-wrath": 1.0519822558706333, "Siddhartha": 1.054619467970425, "The_Diary_of_a_Young_Girl": 1.0754843869934452, "The_Metamorphosis": 1.077032961426901, "The_Bell_Jar": 1.0796089827134432, "Cat_s_Cradle": 1.0934146311237816, "The_Hobbit_or_There_and_Back_Again": 1.1, "The_Old_Man_and_the_Sea": 1.1, "Memoirs_of_a_Geisha": 1.1055415967851334, "The_Stranger": 1.1075498483890767, "The_Giver": 1.1357816691600546, "/book/show/40495148-blindness": 1.1430952132988164, "To_the_Lighthouse": 1.1529829998138268, "Harry_Potter_and_the_Sorcerer_s_Stone": 1.1547005383792515, "The_Hitchhiker_s_Guide_to_the_Galaxy": 1.1571036638473187, "Fear_and_Loathing_in_Las_Vegas": 1.16476034731041, "/book/show/40961427-1984": 1.1713991552733123, "The_Handmaid_s_Tale": 1.18133634311129, "The_Poisonwood_Bible": 1.18133634311129, "Lolita": 1.1839703181607697, "A_Farewell_to_Arms": 1.2297244497131143, "/book/show/13079982-fahrenheit-451": 1.245204833466744, "Brave_New_World": 1.2461593792822518, "Where_the_Wild_Things_Are": 1.272596006016961, "To_Kill_a_Mockingbird": 1.27758452644912, "/book/show/44767458-dune": 1.2827920936595905, "The_Great_Gatsby": 1.2909944487358056, "Gone_with_the_Wind": 1.3034143197344767, "The_Unbearable_Lightness_of_Being": 1.3034143197344767, "Where_the_Red_Fern_Grows": 1.3148721948877347, "The_Sound_and_the_Fury": 1.3190132366156706, "Ulysses": 1.3219680220425738, "The_Sun_Also_Rises": 1.3253930234714029, "For_Whom_the_Bell_Tolls": 1.379052469736273, "A_Game_of_Thrones": 1.3857990321384968, "The_Name_of_the_Rose": 1.4015449264070052, "The_World_According_to_Garp": 1.4079141387961918, "/book/show/40792344-mere-christianity": 1.4125309757423476, "Beloved": 1.4224392195567912, "The_Red_Tent": 1.42828568570857, "On_the_Road": 1.4590712418826193, "One_Hundred_Years_of_Solitude": 1.4715826703096078, "Ender_s_Game": 1.518771433319269, "The_Pillars_of_the_Earth": 1.5986105077709065, "A_Confederacy_of_Dunces": 1.6041612554021285, "The_Fountainhead": 1.6047601384757835, "/book/show/18144590-the-alchemist": 1.6468825769380835, "Sophie_s_Choice": 1.6669999666733317, "The_Giving_Tree": 1.6737463585533237, "Atlas_Shrugged": 1.6793311350726783, "The_Catcher_in_the_Rye": 1.7269111795984824}